ردیف,برند,مدل,زیرمدل,لینک
1,آئودی,A3,1.4 TFSI,https://bama.ir/car/audi
2,آئودی,A3,1.8 TFSI,https://bama.ir/car/audi
3,آئودی,A3,2.0 TFSI,https://bama.ir/car/audi
4,آئودی,A3,S3,https://bama.ir/car/audi
5,آئودی,A3,RS3,https://bama.ir/car/audi
6,آئودی,A4,1.8 TFSI,https://bama.ir/car/audi
7,آئودی,A4,2.0 TFSI,https://bama.ir/car/audi
8,آئودی,A4,2.0 TDI,https://bama.ir/car/audi
9,آئودی,A4,S4,https://bama.ir/car/audi
10,آئودی,A4,RS4,https://bama.ir/car/audi
11,آئودی,A5,2.0 TFSI,https://bama.ir/car/audi
12,آئودی,A5,3.0 TFSI,https://bama.ir/car/audi
13,آئودی,A5,S5,https://bama.ir/car/audi
14,آئودی,A5,RS5,https://bama.ir/car/audi
15,آئودی,A6,2.0 TFSI,https://bama.ir/car/audi
16,آئودی,A6,3.0 TFSI,https://bama.ir/car/audi
17,آئودی,A6,2.0 TDI,https://bama.ir/car/audi
18,آئودی,A6,S6,https://bama.ir/car/audi
19,آئودی,A6,RS6,https://bama.ir/car/audi
20,آئودی,A7,3.0 TFSI,https://bama.ir/car/audi
21,آئودی,A7,S7,https://bama.ir/car/audi
22,آئودی,A7,RS7,https://bama.ir/car/audi
23,آئودی,A8,3.0 TFSI,https://bama.ir/car/audi
24,آئودی,A8,4.0 TFSI,https://bama.ir/car/audi
25,آئودی,A8,W12,https://bama.ir/car/audi
26,آئودی,A8,S8,https://bama.ir/car/audi
27,آئودی,Q3,1.4 TFSI,https://bama.ir/car/audi
28,آئودی,Q3,2.0 TFSI,https://bama.ir/car/audi
29,آئودی,Q3,RS Q3,https://bama.ir/car/audi
30,آئودی,Q5,2.0 TFSI,https://bama.ir/car/audi
31,آئودی,Q5,3.0 TFSI,https://bama.ir/car/audi
32,آئودی,Q5,SQ5,https://bama.ir/car/audi
33,آئودی,Q7,3.0 TFSI,https://bama.ir/car/audi
34,آئودی,Q7,3.0 TDI,https://bama.ir/car/audi
35,آئودی,Q7,SQ7,https://bama.ir/car/audi
36,آئودی,Q8,3.0 TFSI,https://bama.ir/car/audi
37,آئودی,Q8,4.0 TFSI,https://bama.ir/car/audi
38,آئودی,Q8,RS Q8,https://bama.ir/car/audi
39,آئودی,TT,1.8 TFSI,https://bama.ir/car/audi
40,آئودی,TT,2.0 TFSI,https://bama.ir/car/audi
41,آئودی,TT,TTS,https://bama.ir/car/audi
42,آئودی,TT,TT RS,https://bama.ir/car/audi
43,آئودی,R8,5.2 V10,https://bama.ir/car/audi
44,آئودی,R8,V10 Plus,https://bama.ir/car/audi
45,آئودی,e-tron,50 quattro,https://bama.ir/car/audi
46,آئودی,e-tron,55 quattro,https://bama.ir/car/audi
47,آئودی,e-tron,S,https://bama.ir/car/audi
48,آرتابان (ای ام جی),آرتابان,1.5 توربو,https://bama.ir/car/artaban
49,آرتابان (ای ام جی),آرتابان,2.0 توربو,https://bama.ir/car/artaban
50,آرتابان (ای ام جی),آرتا,1.5,https://bama.ir/car/artaban
51,آرتابان (ای ام جی),آرتا,1.5 توربو,https://bama.ir/car/artaban
52,آریا,آریا,ساده,https://bama.ir/car/aria
53,آریا,آریا,آپشنال,https://bama.ir/car/aria
54,آریا,آریا S,ساده,https://bama.ir/car/aria
55,آریا,آریا S,آپشنال,https://bama.ir/car/aria
56,آریا کلاسیک,آریا کلاسیک,استاندارد,https://bama.ir/car/aria-classic
57,آریا کلاسیک,آریا کلاسیک,لوکس,https://bama.ir/car/aria-classic
58,آریسان,آریسان,1.5,https://bama.ir/car/arisan
59,آریسان,آریسان,1.6,https://bama.ir/car/arisan
60,آریسان,آریسان 2,1.5,https://bama.ir/car/arisan
61,آریسان,آریسان 2,1.6,https://bama.ir/car/arisan
62,آلفارومئو,Giulia,2.0 Turbo,https://bama.ir/car/alfaromeo
63,آلفارومئو,Giulia,Quadrifoglio,https://bama.ir/car/alfaromeo
64,آلفارومئو,Giulietta,1.4 TB,https://bama.ir/car/alfaromeo
65,آلفارومئو,Giulietta,1.6 JTDM,https://bama.ir/car/alfaromeo
66,آلفارومئو,Giulietta,1.8 TBI,https://bama.ir/car/alfaromeo
67,آلفارومئو,Stelvio,2.0 Turbo,https://bama.ir/car/alfaromeo
68,آلفارومئو,Stelvio,Quadrifoglio,https://bama.ir/car/alfaromeo
69,آلفارومئو,4C,1.75 Turbo,https://bama.ir/car/alfaromeo
70,آلفارومئو,MiTo,1.4,https://bama.ir/car/alfaromeo
71,آلفارومئو,MiTo,1.4 Turbo,https://bama.ir/car/alfaromeo
72,آمیکو,آمیکو,1.5,https://bama.ir/car/amico
73,آمیکو,آمیکو,1.6,https://bama.ir/car/amico
74,آی ام موتورز,آی ام,استاندارد,https://bama.ir/car/aimotors
75,آی ام موتورز,آی ام,لوکس,https://bama.ir/car/aimotors
76,اپل,Astra,1.4,https://bama.ir/car/opel
77,اپل,Astra,1.6,https://bama.ir/car/opel
78,اپل,Astra,1.6 Turbo,https://bama.ir/car/opel
79,اپل,Astra,OPC,https://bama.ir/car/opel
80,اپل,Corsa,1.2,https://bama.ir/car/opel
81,اپل,Corsa,1.4,https://bama.ir/car/opel
82,اپل,Corsa,1.6,https://bama.ir/car/opel
83,اپل,Corsa,OPC,https://bama.ir/car/opel
84,اپل,Insignia,1.6,https://bama.ir/car/opel
85,اپل,Insignia,2.0,https://bama.ir/car/opel
86,اپل,Insignia,2.0 Turbo,https://bama.ir/car/opel
87,اپل,Insignia,OPC,https://bama.ir/car/opel
88,اپل,Mokka,1.4,https://bama.ir/car/opel
89,اپل,Mokka,1.6,https://bama.ir/car/opel
90,اپل,Mokka,1.8,https://bama.ir/car/opel
91,اپل,Vectra,1.8,https://bama.ir/car/opel
92,اپل,Vectra,2.0,https://bama.ir/car/opel
93,اپل,Vectra,2.2,https://bama.ir/car/opel
94,اپل,Zafira,1.6,https://bama.ir/car/opel
95,اپل,Zafira,1.8,https://bama.ir/car/opel
96,اپل,Zafira,2.0,https://bama.ir/car/opel
97,اتوبیانکی,A112,استاندارد,https://bama.ir/car/autobianchi
98,اتوبیانکی,A112,Abarth,https://bama.ir/car/autobianchi
99,اتوبیانکی,Y10,استاندارد,https://bama.ir/car/autobianchi
100,اتوبیانکی,Y10,GT,https://bama.ir/car/autobianchi
101,اس دبلیو ام,G01,1.5 توربو,https://bama.ir/car/swm
102,اس دبلیو ام,G01,2.0 توربو,https://bama.ir/car/swm
103,اس دبلیو ام,X3,1.5,https://bama.ir/car/swm
104,اس دبلیو ام,X3,1.6,https://bama.ir/car/swm
105,اس دبلیو ام,X7,1.5 توربو,https://bama.ir/car/swm
106,اس دبلیو ام,X7,2.0 توربو,https://bama.ir/car/swm
107,اس دبلیو ام,G05,1.5,https://bama.ir/car/swm
108,اس دبلیو ام,G05,2.0,https://bama.ir/car/swm
109,استین,استین,استاندارد,https://bama.ir/car/stein
110,اسکای ول,BE11,استاندارد,https://bama.ir/car/skywell
111,اسکای ول,BE11,لوکس,https://bama.ir/car/skywell
112,اسکای ول,ET5,استاندارد,https://bama.ir/car/skywell
113,اسکای ول,ET5,لوکس,https://bama.ir/car/skywell
114,اسمارت,ForTwo,1.0,https://bama.ir/car/smart
115,اسمارت,ForTwo,1.0 Turbo,https://bama.ir/car/smart
116,اسمارت,ForTwo,Brabus,https://bama.ir/car/smart
117,اسمارت,ForFour,1.0,https://bama.ir/car/smart
118,اسمارت,ForFour,0.9 Turbo,https://bama.ir/car/smart
119,اسمارت,ForFour,Brabus,https://bama.ir/car/smart
120,اشکودا,Octavia,1.4 TSI,https://bama.ir/car/skoda
121,اشکودا,Octavia,1.6,https://bama.ir/car/skoda
122,اشکودا,Octavia,1.8 TSI,https://bama.ir/car/skoda
123,اشکودا,Octavia,RS,https://bama.ir/car/skoda
124,اشکودا,Superb,1.4 TSI,https://bama.ir/car/skoda
125,اشکودا,Superb,1.8 TSI,https://bama.ir/car/skoda
126,اشکودا,Superb,2.0 TSI,https://bama.ir/car/skoda
127,اشکودا,Superb,L&K,https://bama.ir/car/skoda
128,اشکودا,Kodiaq,1.4 TSI,https://bama.ir/car/skoda
129,اشکودا,Kodiaq,2.0 TSI,https://bama.ir/car/skoda
130,اشکودا,Kodiaq,RS,https://bama.ir/car/skoda
131,اشکودا,Karoq,1.4 TSI,https://bama.ir/car/skoda
132,اشکودا,Karoq,2.0 TDI,https://bama.ir/car/skoda
133,اشکودا,Fabia,1.2,https://bama.ir/car/skoda
134,اشکودا,Fabia,1.4,https://bama.ir/car/skoda
135,اشکودا,Fabia,RS,https://bama.ir/car/skoda
136,اشکودا,Rapid,1.4,https://bama.ir/car/skoda
137,اشکودا,Rapid,1.6,https://bama.ir/car/skoda
138,اطلس,اطلس,استاندارد,https://bama.ir/car/atlas
139,اطلس,اطلس,آپشنال,https://bama.ir/car/atlas
140,اکستریم,اکستریم,استاندارد,https://bama.ir/car/extreme
141,اکستریم,اکستریم,لوکس,https://bama.ir/car/extreme
142,الدزمبیل,Cutlass,استاندارد,https://bama.ir/car/oldsmobile
143,الدزمبیل,Cutlass,Supreme,https://bama.ir/car/oldsmobile
144,الدزمبیل,Omega,استاندارد,https://bama.ir/car/oldsmobile
145,الدزمبیل,Toronado,استاندارد,https://bama.ir/car/oldsmobile
146,ام جی,MG3,1.5,https://bama.ir/car/mg
147,ام جی,MG3,1.5 AT,https://bama.ir/car/mg
148,ام جی,MG5,1.5,https://bama.ir/car/mg
149,ام جی,MG5,1.5 Turbo,https://bama.ir/car/mg
150,ام جی,MG6,1.8,https://bama.ir/car/mg
151,ام جی,MG6,1.8 Turbo,https://bama.ir/car/mg
152,ام جی,MG6,1.5 Turbo,https://bama.ir/car/mg
153,ام جی,MG7,1.8 Turbo,https://bama.ir/car/mg
154,ام جی,MG7,2.0,https://bama.ir/car/mg
155,ام جی,ZS,1.5,https://bama.ir/car/mg
156,ام جی,ZS,1.0 Turbo,https://bama.ir/car/mg
157,ام جی,HS,1.5 Turbo,https://bama.ir/car/mg
158,ام جی,HS,2.0 Turbo,https://bama.ir/car/mg
159,ام جی,RX5,1.5 Turbo,https://bama.ir/car/mg
160,ام جی,RX5,2.0 Turbo,https://bama.ir/car/mg
161,ام جی,RX8,2.0 Turbo,https://bama.ir/car/mg
162,ب ام و,سری 1,116i,https://bama.ir/car/bmw
163,ب ام و,سری 1,118i,https://bama.ir/car/bmw
164,ب ام و,سری 1,120i,https://bama.ir/car/bmw
165,ب ام و,سری 1,M135i,https://bama.ir/car/bmw
166,ب ام و,سری 2,218i,https://bama.ir/car/bmw
167,ب ام و,سری 2,220i,https://bama.ir/car/bmw
168,ب ام و,سری 2,228i,https://bama.ir/car/bmw
169,ب ام و,سری 2,M235i,https://bama.ir/car/bmw
170,ب ام و,سری 2,M2,https://bama.ir/car/bmw
171,ب ام و,سری 3,316i,https://bama.ir/car/bmw
172,ب ام و,سری 3,318i,https://bama.ir/car/bmw
173,ب ام و,سری 3,320i,https://bama.ir/car/bmw
174,ب ام و,سری 3,328i,https://bama.ir/car/bmw
175,ب ام و,سری 3,335i,https://bama.ir/car/bmw
176,ب ام و,سری 3,M3,https://bama.ir/car/bmw
177,ب ام و,سری 4,420i,https://bama.ir/car/bmw
178,ب ام و,سری 4,428i,https://bama.ir/car/bmw
179,ب ام و,سری 4,435i,https://bama.ir/car/bmw
180,ب ام و,سری 4,M4,https://bama.ir/car/bmw
181,ب ام و,سری 5,520i,https://bama.ir/car/bmw
182,ب ام و,سری 5,528i,https://bama.ir/car/bmw
183,ب ام و,سری 5,530i,https://bama.ir/car/bmw
184,ب ام و,سری 5,535i,https://bama.ir/car/bmw
185,ب ام و,سری 5,M5,https://bama.ir/car/bmw
186,ب ام و,سری 6,640i,https://bama.ir/car/bmw
187,ب ام و,سری 6,650i,https://bama.ir/car/bmw
188,ب ام و,سری 6,M6,https://bama.ir/car/bmw
189,ب ام و,سری 7,730i,https://bama.ir/car/bmw
190,ب ام و,سری 7,740i,https://bama.ir/car/bmw
191,ب ام و,سری 7,750i,https://bama.ir/car/bmw
192,ب ام و,سری 7,760Li,https://bama.ir/car/bmw
193,ب ام و,سری 7,M7,https://bama.ir/car/bmw
194,ب ام و,X1,sDrive18i,https://bama.ir/car/bmw
195,ب ام و,X1,sDrive20i,https://bama.ir/car/bmw
196,ب ام و,X1,xDrive25i,https://bama.ir/car/bmw
197,ب ام و,X3,xDrive20i,https://bama.ir/car/bmw
198,ب ام و,X3,xDrive28i,https://bama.ir/car/bmw
199,ب ام و,X3,xDrive35i,https://bama.ir/car/bmw
200,ب ام و,X3,X3 M,https://bama.ir/car/bmw
201,ب ام و,X4,xDrive20i,https://bama.ir/car/bmw
202,ب ام و,X4,xDrive28i,https://bama.ir/car/bmw
203,ب ام و,X4,xDrive35i,https://bama.ir/car/bmw
204,ب ام و,X4,X4 M,https://bama.ir/car/bmw
205,ب ام و,X5,xDrive35i,https://bama.ir/car/bmw
206,ب ام و,X5,xDrive50i,https://bama.ir/car/bmw
207,ب ام و,X5,X5 M,https://bama.ir/car/bmw
208,ب ام و,X6,xDrive35i,https://bama.ir/car/bmw
209,ب ام و,X6,xDrive50i,https://bama.ir/car/bmw
210,ب ام و,X6,X6 M,https://bama.ir/car/bmw
211,ب ام و,X7,xDrive40i,https://bama.ir/car/bmw
212,ب ام و,X7,xDrive50i,https://bama.ir/car/bmw
213,ب ام و,X7,M50i,https://bama.ir/car/bmw
214,ب ام و,Z4,sDrive20i,https://bama.ir/car/bmw
215,ب ام و,Z4,sDrive30i,https://bama.ir/car/bmw
216,ب ام و,Z4,sDrive35i,https://bama.ir/car/bmw
217,ب ام و,Z4,M40i,https://bama.ir/car/bmw
218,ب ام و,i3,Base,https://bama.ir/car/bmw
219,ب ام و,i3,Range Extender,https://bama.ir/car/bmw
220,ب ام و,i3,s,https://bama.ir/car/bmw
221,ب ام و,i4,eDrive40,https://bama.ir/car/bmw
222,ب ام و,i4,M50,https://bama.ir/car/bmw
223,ب ام و,i8,Coupe,https://bama.ir/car/bmw
224,ب ام و,i8,Roadster,https://bama.ir/car/bmw
225,ب ام و,iX,xDrive40,https://bama.ir/car/bmw
226,ب ام و,iX,xDrive50,https://bama.ir/car/bmw
227,ب ام و,iX,M60,https://bama.ir/car/bmw
228,بی ام و,سری 3,316i,https://bama.ir/car/bmw-fa
229,بی ام و,سری 3,318i,https://bama.ir/car/bmw-fa
230,بی ام و,سری 3,320i,https://bama.ir/car/bmw-fa
231,بی ام و,سری 3,328i,https://bama.ir/car/bmw-fa
232,بی ام و,سری 3,335i,https://bama.ir/car/bmw-fa
233,بی ام و,سری 5,520i,https://bama.ir/car/bmw-fa
234,بی ام و,سری 5,528i,https://bama.ir/car/bmw-fa
235,بی ام و,سری 5,530i,https://bama.ir/car/bmw-fa
236,بی ام و,سری 5,535i,https://bama.ir/car/bmw-fa
237,بی ام و,X3,xDrive20i,https://bama.ir/car/bmw-fa
238,بی ام و,X3,xDrive28i,https://bama.ir/car/bmw-fa
239,بی ام و,X3,xDrive35i,https://bama.ir/car/bmw-fa
240,بی ام و,X5,xDrive35i,https://bama.ir/car/bmw-fa
241,بی ام و,X5,xDrive50i,https://bama.ir/car/bmw-fa
242,پژو,206,تیپ 2,https://bama.ir/car/peugeot
243,پژو,206,تیپ 3,https://bama.ir/car/peugeot
244,پژو,206,تیپ 5,https://bama.ir/car/peugeot
245,پژو,206,SD,https://bama.ir/car/peugeot
246,پژو,206,V8,https://bama.ir/car/peugeot
247,پژو,206,XS,https://bama.ir/car/peugeot
248,پژو,207,تیپ 2,https://bama.ir/car/peugeot
249,پژو,207,تیپ 3,https://bama.ir/car/peugeot
250,پژو,207,تیپ 5,https://bama.ir/car/peugeot
251,پژو,207,GT,https://bama.ir/car/peugeot
252,پژو,207,RC,https://bama.ir/car/peugeot
253,پژو,301,اکتیو,https://bama.ir/car/peugeot
254,پژو,301,آلور,https://bama.ir/car/peugeot
255,پژو,301,لوکس,https://bama.ir/car/peugeot
256,پژو,405,GLX,https://bama.ir/car/peugeot
257,پژو,405,SLX,https://bama.ir/car/peugeot
258,پژو,405,GLI,https://bama.ir/car/peugeot
259,پژو,405,استیشن,https://bama.ir/car/peugeot
260,پژو,407,2.0,https://bama.ir/car/peugeot
261,پژو,407,2.2,https://bama.ir/car/peugeot
262,پژو,407,3.0,https://bama.ir/car/peugeot
263,پژو,407,Coupe,https://bama.ir/car/peugeot
264,پژو,508,2.0,https://bama.ir/car/peugeot
265,پژو,508,1.6 Turbo,https://bama.ir/car/peugeot
266,پژو,508,GT,https://bama.ir/car/peugeot
267,پژو,508,RXH,https://bama.ir/car/peugeot
268,پژو,2008,اکتیو,https://bama.ir/car/peugeot
269,پژو,2008,آلور,https://bama.ir/car/peugeot
270,پژو,2008,GT Line,https://bama.ir/car/peugeot
271,پژو,3008,اکتیو,https://bama.ir/car/peugeot
272,پژو,3008,آلور,https://bama.ir/car/peugeot
273,پژو,3008,GT,https://bama.ir/car/peugeot
274,پژو,5008,اکتیو,https://bama.ir/car/peugeot
275,پژو,5008,آلور,https://bama.ir/car/peugeot
276,پژو,5008,GT,https://bama.ir/car/peugeot
277,پژو,پارس,ساده,https://bama.ir/car/peugeot
278,پژو,پارس,دوگانه‌سوز,https://bama.ir/car/peugeot
279,پژو,پارس,ELX,https://bama.ir/car/peugeot
280,پژو,پارس,LX,https://bama.ir/car/peugeot
281,پژو,پارس,سفارشی,https://bama.ir/car/peugeot
282,پژو,رانا,LX,https://bama.ir/car/peugeot
283,پژو,رانا,ELX,https://bama.ir/car/peugeot
284,پژو,رانا,پلاس,https://bama.ir/car/peugeot
285,پژو,هایما S5,استاندارد,https://bama.ir/car/peugeot
286,پژو,هایما S5,لوکس,https://bama.ir/car/peugeot
287,پژو,هایما S7,استاندارد,https://bama.ir/car/peugeot
288,پژو,هایما S7,لوکس,https://bama.ir/car/peugeot
289,تویوتا,کرولا,XLi,https://bama.ir/car/toyota
290,تویوتا,کرولا,GLi,https://bama.ir/car/toyota
291,تویوتا,کرولا,SE,https://bama.ir/car/toyota
292,تویوتا,کرولا,LE,https://bama.ir/car/toyota
293,تویوتا,کرولا,Hybrid,https://bama.ir/car/toyota
294,تویوتا,کمری,GL,https://bama.ir/car/toyota
295,تویوتا,کمری,GLX,https://bama.ir/car/toyota
296,تویوتا,کمری,LE,https://bama.ir/car/toyota
297,تویوتا,کمری,SE,https://bama.ir/car/toyota
298,تویوتا,کمری,XLE,https://bama.ir/car/toyota
299,تویوتا,کمری,Hybrid,https://bama.ir/car/toyota
300,تویوتا,یاریس,GL,https://bama.ir/car/toyota
301,تویوتا,یاریس,GLX,https://bama.ir/car/toyota
302,تویوتا,یاریس,Sport,https://bama.ir/car/toyota
303,تویوتا,یاریس,Hybrid,https://bama.ir/car/toyota
304,تویوتا,RAV4,LE,https://bama.ir/car/toyota
305,تویوتا,RAV4,XLE,https://bama.ir/car/toyota
306,تویوتا,RAV4,Adventure,https://bama.ir/car/toyota
307,تویوتا,RAV4,Limited,https://bama.ir/car/toyota
308,تویوتا,RAV4,Hybrid,https://bama.ir/car/toyota
309,تویوتا,لندکروزر,GXR,https://bama.ir/car/toyota
310,تویوتا,لندکروزر,VXR,https://bama.ir/car/toyota
311,تویوتا,لندکروزر,VXS,https://bama.ir/car/toyota
312,تویوتا,لندکروزر,ZR,https://bama.ir/car/toyota
313,تویوتا,لندکروزر,GR Sport,https://bama.ir/car/toyota
314,تویوتا,پرادو,GXR,https://bama.ir/car/toyota
315,تویوتا,پرادو,VXR,https://bama.ir/car/toyota
316,تویوتا,پرادو,TX,https://bama.ir/car/toyota
317,تویوتا,پرادو,TXL,https://bama.ir/car/toyota
318,تویوتا,هایلوکس,Single Cab,https://bama.ir/car/toyota
319,تویوتا,هایلوکس,Double Cab,https://bama.ir/car/toyota
320,تویوتا,هایلوکس,Adventure,https://bama.ir/car/toyota
321,تویوتا,فورچونر,G,https://bama.ir/car/toyota
322,تویوتا,فورچونر,V,https://bama.ir/car/toyota
323,تویوتا,فورچونر,TRD Sportivo,https://bama.ir/car/toyota
324,تویوتا,C-HR,LE,https://bama.ir/car/toyota
325,تویوتا,C-HR,XLE,https://bama.ir/car/toyota
326,تویوتا,C-HR,Limited,https://bama.ir/car/toyota
327,تویوتا,C-HR,Hybrid,https://bama.ir/car/toyota
328,تویوتا,پریوس,Base,https://bama.ir/car/toyota
329,تویوتا,پریوس,Premium,https://bama.ir/car/toyota
330,تویوتا,پریوس,Prime,https://bama.ir/car/toyota
331,تویوتا,آوالون,XLE,https://bama.ir/car/toyota
332,تویوتا,آوالون,Limited,https://bama.ir/car/toyota
333,تویوتا,آوالون,Hybrid,https://bama.ir/car/toyota
334,تویوتا,سینا,LE,https://bama.ir/car/toyota
335,تویوتا,سینا,XLE,https://bama.ir/car/toyota
336,تویوتا,سینا,Limited,https://bama.ir/car/toyota
337,کیا,سراتو,EX,https://bama.ir/car/kia
338,کیا,سراتو,LX,https://bama.ir/car/kia
339,کیا,سراتو,SX,https://bama.ir/car/kia
340,کیا,سراتو,GT,https://bama.ir/car/kia
341,کیا,سراتو,Cerato Koup,https://bama.ir/car/kia
342,کیا,اسپورتیج,EX,https://bama.ir/car/kia
343,کیا,اسپورتیج,LX,https://bama.ir/car/kia
344,کیا,اسپورتیج,SX,https://bama.ir/car/kia
345,کیا,اسپورتیج,GT Line,https://bama.ir/car/kia
346,کیا,سورنتو,EX,https://bama.ir/car/kia
347,کیا,سورنتو,LX,https://bama.ir/car/kia
348,کیا,سورنتو,SX,https://bama.ir/car/kia
349,کیا,سورنتو,GT Line,https://bama.ir/car/kia
350,کیا,اپتیما,EX,https://bama.ir/car/kia
351,کیا,اپتیما,LX,https://bama.ir/car/kia
352,کیا,اپتیما,SX,https://bama.ir/car/kia
353,کیا,اپتیما,GT,https://bama.ir/car/kia
354,کیا,اپتیما,Hybrid,https://bama.ir/car/kia
355,کیا,ریو,EX,https://bama.ir/car/kia
356,کیا,ریو,LX,https://bama.ir/car/kia
357,کیا,ریو,SX,https://bama.ir/car/kia
358,کیا,پیکانتو,EX,https://bama.ir/car/kia
359,کیا,پیکانتو,LX,https://bama.ir/car/kia
360,کیا,پیکانتو,GT Line,https://bama.ir/car/kia
361,کیا,سلتوس,EX,https://bama.ir/car/kia
362,کیا,سلتوس,LX,https://bama.ir/car/kia
363,کیا,سلتوس,SX,https://bama.ir/car/kia
364,کیا,سلتوس,GT Line,https://bama.ir/car/kia
365,کیا,K5,EX,https://bama.ir/car/kia
366,کیا,K5,LX,https://bama.ir/car/kia
367,کیا,K5,SX,https://bama.ir/car/kia
368,کیا,K5,GT,https://bama.ir/car/kia
369,کیا,K3,EX,https://bama.ir/car/kia
370,کیا,K3,LX,https://bama.ir/car/kia
371,کیا,K3,SX,https://bama.ir/car/kia
372,کیا,K8,EX,https://bama.ir/car/kia
373,کیا,K8,LX,https://bama.ir/car/kia
374,کیا,K8,SX,https://bama.ir/car/kia
375,کیا,K8,GT,https://bama.ir/car/kia
376,کیا,کارنیوال,EX,https://bama.ir/car/kia
377,کیا,کارنیوال,LX,https://bama.ir/car/kia
378,کیا,کارنیوال,SX,https://bama.ir/car/kia
379,کیا,کارنیوال,Limousine,https://bama.ir/car/kia
380,کیا,استونیک,EX,https://bama.ir/car/kia
381,کیا,استونیک,LX,https://bama.ir/car/kia
382,کیا,استونیک,SX,https://bama.ir/car/kia
383,هیوندای,الانترا,GL,https://bama.ir/car/hyundai
384,هیوندای,الانترا,GLS,https://bama.ir/car/hyundai
385,هیوندای,الانترا,SE,https://bama.ir/car/hyundai
386,هیوندای,الانترا,Limited,https://bama.ir/car/hyundai
387,هیوندای,الانترا,N Line,https://bama.ir/car/hyundai
388,هیوندای,سوناتا,GL,https://bama.ir/car/hyundai
389,هیوندای,سوناتا,GLS,https://bama.ir/car/hyundai
390,هیوندای,سوناتا,SE,https://bama.ir/car/hyundai
391,هیوندای,سوناتا,Limited,https://bama.ir/car/hyundai
392,هیوندای,سوناتا,Hybrid,https://bama.ir/car/hyundai
393,هیوندای,سوناتا,N Line,https://bama.ir/car/hyundai
394,هیوندای,توسان,GL,https://bama.ir/car/hyundai
395,هیوندای,توسان,GLS,https://bama.ir/car/hyundai
396,هیوندای,توسان,SE,https://bama.ir/car/hyundai
397,هیوندای,توسان,Limited,https://bama.ir/car/hyundai
398,هیوندای,توسان,N Line,https://bama.ir/car/hyundai
399,هیوندای,سانتافه,GL,https://bama.ir/car/hyundai
400,هیوندای,سانتافه,GLS,https://bama.ir/car/hyundai
401,هیوندای,سانتافه,SE,https://bama.ir/car/hyundai
402,هیوندای,سانتافه,Limited,https://bama.ir/car/hyundai
403,هیوندای,سانتافه,Calligraphy,https://bama.ir/car/hyundai
404,هیوندای,اکسنت,GL,https://bama.ir/car/hyundai
405,هیوندای,اکسنت,GLS,https://bama.ir/car/hyundai
406,هیوندای,اکسنت,SE,https://bama.ir/car/hyundai
407,هیوندای,اکسنت,Limited,https://bama.ir/car/hyundai
408,هیوندای,i20,GL,https://bama.ir/car/hyundai
409,هیوندای,i20,GLS,https://bama.ir/car/hyundai
410,هیوندای,i20,SE,https://bama.ir/car/hyundai
411,هیوندای,i20,N Line,https://bama.ir/car/hyundai
412,هیوندای,i30,GL,https://bama.ir/car/hyundai
413,هیوندای,i30,GLS,https://bama.ir/car/hyundai
414,هیوندای,i30,SE,https://bama.ir/car/hyundai
415,هیوندای,i30,N Line,https://bama.ir/car/hyundai
416,هیوندای,i30,N,https://bama.ir/car/hyundai
417,هیوندای,کونا,GL,https://bama.ir/car/hyundai
418,هیوندای,کونا,GLS,https://bama.ir/car/hyundai
419,هیوندای,کونا,SE,https://bama.ir/car/hyundai
420,هیوندای,کونا,Limited,https://bama.ir/car/hyundai
421,هیوندای,کونا,N Line,https://bama.ir/car/hyundai
422,هیوندای,کونا,Electric,https://bama.ir/car/hyundai
423,هیوندای,پالیسید,SE,https://bama.ir/car/hyundai
424,هیوندای,پالیسید,SEL,https://bama.ir/car/hyundai
425,هیوندای,پالیسید,Limited,https://bama.ir/car/hyundai
426,هیوندای,پالیسید,Calligraphy,https://bama.ir/car/hyundai
427,هیوندای,ولستر,GL,https://bama.ir/car/hyundai
428,هیوندای,ولستر,GLS,https://bama.ir/car/hyundai
429,هیوندای,ولستر,SE,https://bama.ir/car/hyundai
430,هیوندای,ولستر,Limited,https://bama.ir/car/hyundai
431,هیوندای,ولستر,N,https://bama.ir/car/hyundai
432,هیوندای,آیونیک,SE,https://bama.ir/car/hyundai
433,هیوندای,آیونیک,SEL,https://bama.ir/car/hyundai
434,هیوندای,آیونیک,Limited,https://bama.ir/car/hyundai
435,هیوندای,آیونیک,Hybrid,https://bama.ir/car/hyundai
436,هیوندای,آیونیک,Electric,https://bama.ir/car/hyundai
437,کی ام سی,T8,استاندارد,https://bama.ir/car/kmc
438,کی ام سی,T8,لوکس,https://bama.ir/car/kmc
439,کی ام سی,T8,پلاس,https://bama.ir/car/kmc
440,کی ام سی,T9,استاندارد,https://bama.ir/car/kmc
441,کی ام سی,T9,لوکس,https://bama.ir/car/kmc
442,کی ام سی,T9,پلاس,https://bama.ir/car/kmc
443,کی ام سی,K7,استاندارد,https://bama.ir/car/kmc
444,کی ام سی,K7,لوکس,https://bama.ir/car/kmc
445,کی ام سی,J7,استاندارد,https://bama.ir/car/kmc
446,کی ام سی,J7,لوکس,https://bama.ir/car/kmc
447,کی ام سی,X5,استاندارد,https://bama.ir/car/kmc
448,کی ام سی,X5,لوکس,https://bama.ir/car/kmc
449,کی ام سی,A5,استاندارد,https://bama.ir/car/kmc
450,کی ام سی,A5,لوکس,https://bama.ir/car/kmc
451,کی ام سی,ایگل,استاندارد,https://bama.ir/car/kmc
452,کی ام سی,ایگل,لوکس,https://bama.ir/car/kmc
453,کی ام سی,SR3,استاندارد,https://bama.ir/car/kmc
454,کی ام سی,SR3,لوکس,https://bama.ir/car/kmc
455,کی ام سی,SR6,استاندارد,https://bama.ir/car/kmc
456,کی ام سی,SR6,لوکس,https://bama.ir/car/kmc
457,فونیکس,تیگو 7 پرو,استاندارد,https://bama.ir/car/fownix
458,فونیکس,تیگو 7 پرو,لوکس,https://bama.ir/car/fownix
459,فونیکس,تیگو 7 پرو,پرو مکس,https://bama.ir/car/fownix
460,فونیکس,تیگو 7 پرو مکس,استاندارد,https://bama.ir/car/fownix
461,فونیکس,تیگو 7 پرو مکس,لوکس,https://bama.ir/car/fownix
462,فونیکس,تیگو 8 پرو,استاندارد,https://bama.ir/car/fownix
463,فونیکس,تیگو 8 پرو,لوکس,https://bama.ir/car/fownix
464,فونیکس,تیگو 8 پرو,پرو مکس,https://bama.ir/car/fownix
465,فونیکس,آریزو 5,استاندارد,https://bama.ir/car/fownix
466,فونیکس,آریزو 5,لوکس,https://bama.ir/car/fownix
467,فونیکس,آریزو 5,تیپ 6,https://bama.ir/car/fownix
468,فونیکس,آریزو 6,استاندارد,https://bama.ir/car/fownix
469,فونیکس,آریزو 6,لوکس,https://bama.ir/car/fownix
470,فونیکس,آریزو 6,پرو,https://bama.ir/car/fownix
471,فونیکس,آریزو 6 پرو,استاندارد,https://bama.ir/car/fownix
472,فونیکس,آریزو 6 پرو,لوکس,https://bama.ir/car/fownix
473,فونیکس,FX,استاندارد,https://bama.ir/car/fownix
474,فونیکس,FX,لوکس,https://bama.ir/car/fownix
475,مرسدس بنز,A-Class,A180,https://bama.ir/car/mercedesbenz
476,مرسدس بنز,A-Class,A200,https://bama.ir/car/mercedesbenz
477,مرسدس بنز,A-Class,A250,https://bama.ir/car/mercedesbenz
478,مرسدس بنز,A-Class,A35 AMG,https://bama.ir/car/mercedesbenz
479,مرسدس بنز,A-Class,A45 AMG,https://bama.ir/car/mercedesbenz
480,مرسدس بنز,B-Class,B180,https://bama.ir/car/mercedesbenz
481,مرسدس بنز,B-Class,B200,https://bama.ir/car/mercedesbenz
482,مرسدس بنز,B-Class,B250,https://bama.ir/car/mercedesbenz
483,مرسدس بنز,C-Class,C180,https://bama.ir/car/mercedesbenz
484,مرسدس بنز,C-Class,C200,https://bama.ir/car/mercedesbenz
485,مرسدس بنز,C-Class,C250,https://bama.ir/car/mercedesbenz
486,مرسدس بنز,C-Class,C300,https://bama.ir/car/mercedesbenz
487,مرسدس بنز,C-Class,C43 AMG,https://bama.ir/car/mercedesbenz
488,مرسدس بنز,C-Class,C63 AMG,https://bama.ir/car/mercedesbenz
489,مرسدس بنز,E-Class,E200,https://bama.ir/car/mercedesbenz
490,مرسدس بنز,E-Class,E250,https://bama.ir/car/mercedesbenz
491,مرسدس بنز,E-Class,E300,https://bama.ir/car/mercedesbenz
492,مرسدس بنز,E-Class,E350,https://bama.ir/car/mercedesbenz
493,مرسدس بنز,E-Class,E43 AMG,https://bama.ir/car/mercedesbenz
494,مرسدس بنز,E-Class,E63 AMG,https://bama.ir/car/mercedesbenz
495,مرسدس بنز,S-Class,S350,https://bama.ir/car/mercedesbenz
496,مرسدس بنز,S-Class,S400,https://bama.ir/car/mercedesbenz
497,مرسدس بنز,S-Class,S500,https://bama.ir/car/mercedesbenz
498,مرسدس بنز,S-Class,S550,https://bama.ir/car/mercedesbenz
499,مرسدس بنز,S-Class,S600,https://bama.ir/car/mercedesbenz
500,مرسدس بنز,S-Class,S63 AMG,https://bama.ir/car/mercedesbenz
501,مرسدس بنز,S-Class,S65 AMG,https://bama.ir/car/mercedesbenz
502,مرسدس بنز,CLA,CLA180,https://bama.ir/car/mercedesbenz
503,مرسدس بنز,CLA,CLA200,https://bama.ir/car/mercedesbenz
504,مرسدس بنز,CLA,CLA250,https://bama.ir/car/mercedesbenz
505,مرسدس بنز,CLA,CLA35 AMG,https://bama.ir/car/mercedesbenz
506,مرسدس بنز,CLA,CLA45 AMG,https://bama.ir/car/mercedesbenz
507,مرسدس بنز,CLS,CLS350,https://bama.ir/car/mercedesbenz
508,مرسدس بنز,CLS,CLS400,https://bama.ir/car/mercedesbenz
509,مرسدس بنز,CLS,CLS500,https://bama.ir/car/mercedesbenz
510,مرسدس بنز,CLS,CLS53 AMG,https://bama.ir/car/mercedesbenz
511,مرسدس بنز,CLS,CLS63 AMG,https://bama.ir/car/mercedesbenz
512,مرسدس بنز,GLA,GLA180,https://bama.ir/car/mercedesbenz
513,مرسدس بنز,GLA,GLA200,https://bama.ir/car/mercedesbenz
514,مرسدس بنز,GLA,GLA250,https://bama.ir/car/mercedesbenz
515,مرسدس بنز,GLA,GLA35 AMG,https://bama.ir/car/mercedesbenz
516,مرسدس بنز,GLA,GLA45 AMG,https://bama.ir/car/mercedesbenz
517,مرسدس بنز,GLB,GLB180,https://bama.ir/car/mercedesbenz
518,مرسدس بنز,GLB,GLB200,https://bama.ir/car/mercedesbenz
519,مرسدس بنز,GLB,GLB250,https://bama.ir/car/mercedesbenz
520,مرسدس بنز,GLB,GLB35 AMG,https://bama.ir/car/mercedesbenz
521,مرسدس بنز,GLC,GLC200,https://bama.ir/car/mercedesbenz
522,مرسدس بنز,GLC,GLC250,https://bama.ir/car/mercedesbenz
523,مرسدس بنز,GLC,GLC300,https://bama.ir/car/mercedesbenz
524,مرسدس بنز,GLC,GLC43 AMG,https://bama.ir/car/mercedesbenz
525,مرسدس بنز,GLC,GLC63 AMG,https://bama.ir/car/mercedesbenz
526,مرسدس بنز,GLE,GLE350,https://bama.ir/car/mercedesbenz
527,مرسدس بنز,GLE,GLE400,https://bama.ir/car/mercedesbenz
528,مرسدس بنز,GLE,GLE450,https://bama.ir/car/mercedesbenz
529,مرسدس بنز,GLE,GLE43 AMG,https://bama.ir/car/mercedesbenz
530,مرسدس بنز,GLE,GLE63 AMG,https://bama.ir/car/mercedesbenz
531,مرسدس بنز,GLS,GLS400,https://bama.ir/car/mercedesbenz
532,مرسدس بنز,GLS,GLS450,https://bama.ir/car/mercedesbenz
533,مرسدس بنز,GLS,GLS500,https://bama.ir/car/mercedesbenz
534,مرسدس بنز,GLS,GLS63 AMG,https://bama.ir/car/mercedesbenz
535,مرسدس بنز,G-Class,G350,https://bama.ir/car/mercedesbenz
536,مرسدس بنز,G-Class,G400,https://bama.ir/car/mercedesbenz
537,مرسدس بنز,G-Class,G500,https://bama.ir/car/mercedesbenz
538,مرسدس بنز,G-Class,G550,https://bama.ir/car/mercedesbenz
539,مرسدس بنز,G-Class,G63 AMG,https://bama.ir/car/mercedesbenz
540,مرسدس بنز,G-Class,G65 AMG,https://bama.ir/car/mercedesbenz
541,مرسدس بنز,SLC,SLC180,https://bama.ir/car/mercedesbenz
542,مرسدس بنز,SLC,SLC200,https://bama.ir/car/mercedesbenz
543,مرسدس بنز,SLC,SLC300,https://bama.ir/car/mercedesbenz
544,مرسدس بنز,SLC,SLC43 AMG,https://bama.ir/car/mercedesbenz
545,مرسدس بنز,SL,SL400,https://bama.ir/car/mercedesbenz
546,مرسدس بنز,SL,SL500,https://bama.ir/car/mercedesbenz
547,مرسدس بنز,SL,SL550,https://bama.ir/car/mercedesbenz
548,مرسدس بنز,SL,SL63 AMG,https://bama.ir/car/mercedesbenz
549,مرسدس بنز,SL,SL65 AMG,https://bama.ir/car/mercedesbenz
550,مرسدس بنز,AMG GT,GT,https://bama.ir/car/mercedesbenz
551,مرسدس بنز,AMG GT,GT S,https://bama.ir/car/mercedesbenz
552,مرسدس بنز,AMG GT,GT C,https://bama.ir/car/mercedesbenz
553,مرسدس بنز,AMG GT,GT R,https://bama.ir/car/mercedesbenz
554,مرسدس بنز,AMG GT,GT 63 S,https://bama.ir/car/mercedesbenz
555,مرسدس بنز,EQC,EQC 400,https://bama.ir/car/mercedesbenz
556,مرسدس بنز,EQS,EQS 450+,https://bama.ir/car/mercedesbenz
557,مرسدس بنز,EQS,EQS 580,https://bama.ir/car/mercedesbenz
558,مزدا,مزدا 2,استاندارد,https://bama.ir/car/mazda
559,مزدا,مزدا 2,لوکس,https://bama.ir/car/mazda
560,مزدا,مزدا 2,GT,https://bama.ir/car/mazda
561,مزدا,مزدا 3,استاندارد,https://bama.ir/car/mazda
562,مزدا,مزدا 3,لوکس,https://bama.ir/car/mazda
563,مزدا,مزدا 3,GT,https://bama.ir/car/mazda
564,مزدا,مزدا 3,MPS,https://bama.ir/car/mazda
565,مزدا,مزدا 6,استاندارد,https://bama.ir/car/mazda
566,مزدا,مزدا 6,لوکس,https://bama.ir/car/mazda
567,مزدا,مزدا 6,GT,https://bama.ir/car/mazda
568,مزدا,مزدا 6,MPS,https://bama.ir/car/mazda
569,مزدا,CX-3,استاندارد,https://bama.ir/car/mazda
570,مزدا,CX-3,لوکس,https://bama.ir/car/mazda
571,مزدا,CX-3,GT,https://bama.ir/car/mazda
572,مزدا,CX-5,استاندارد,https://bama.ir/car/mazda
573,مزدا,CX-5,لوکس,https://bama.ir/car/mazda
574,مزدا,CX-5,GT,https://bama.ir/car/mazda
575,مزدا,CX-5,Signature,https://bama.ir/car/mazda
576,مزدا,CX-7,استاندارد,https://bama.ir/car/mazda
577,مزدا,CX-7,لوکس,https://bama.ir/car/mazda
578,مزدا,CX-7,GT,https://bama.ir/car/mazda
579,مزدا,CX-9,استاندارد,https://bama.ir/car/mazda
580,مزدا,CX-9,لوکس,https://bama.ir/car/mazda
581,مزدا,CX-9,GT,https://bama.ir/car/mazda
582,مزدا,CX-9,Signature,https://bama.ir/car/mazda
583,مزدا,MX-5,استاندارد,https://bama.ir/car/mazda
584,مزدا,MX-5,Club,https://bama.ir/car/mazda
585,مزدا,MX-5,GT,https://bama.ir/car/mazda
586,مزدا,BT-50,استاندارد,https://bama.ir/car/mazda
587,مزدا,BT-50,لوکس,https://bama.ir/car/mazda
588,مزدا,BT-50,GT,https://bama.ir/car/mazda